opcode_hex,reference_name,unique_reachable_word_offsets
0x015,OP_015,18
0x017,OP_017,59
0x018,OP_018,5
0x019,OP_019,9
0x030,OP_030,2
0x040,OP_040,43
0x041,OP_041,17
0x051,OP_051,4
0x060,OP_060,14
0x061,OP_061,1
0x062,OP_062,15
0x063,OP_063,18
0x070,OP_070,270
0x080,OP_080,1
0x0A0,OP_0A0,1
0x0B0,OP_0B0,3
0x0C0,OP_0C0,94
0x0E0,OP_0E0,173
0x100,RESET,2037
0x110,PUSH_CONSTANT,2390
0x114,OP_114,299
0x117,OP_117,1
0x118,OP_118,113
0x119,OP_119,13
0x11B,OP_11B,387
0x11C,OP_11C,48
0x11F,OP_11F,14
0x200,GOTO,180
0x201,GOTO_IF_FALSE,440
0x203,RETURN,124
0x20E,CALL_FN_10,4
0x20F,CALL_FN_11,5
0x210,CALL_FN_12,3
0x211,CALL_FN_13,1
0x212,CALL_FN_14,1
0x213,CALL_FN_15,8
0x214,CALL_FN_16,1
0x215,CALL_FN_17,1
0x216,CALL_FN_18,2
0x217,CALL_FN_19,1
0x218,CALL_FN_20,1
0x219,CALL_FN_21,1
0x21A,CALL_FN_22,1
0x21B,CALL_FN_23,1
0x21C,CALL_FN_24,2
0x21D,CALL_FN_25,2
0x21E,CALL_FN_26,1
0x21F,CALL_FN_27,1
0x220,CALL_FN_28,2
0x221,CALL_FN_29,1
0x222,CALL_FN_30,1
0x223,CALL_FN_31,1
0x300,LOAD_MODEL,102
0x302,OP_302,6
0x303,OP_303,100
0x304,OP_304,119
0x305,OP_305,208
0x306,OP_306,208
0x307,OP_307,84
0x308,SET_MESH_POS,83
0x309,SET_LOCAL_POS,84
0x30A,OP_30A,3
0x30B,OP_30B,11
0x30C,ENTER_VEHICLE,47
0x30D,OP_30D,1
0x30E,OP_30E,60
0x310,SET_POINT,13
0x311,SET_POINT_MESH,13
0x312,SET_POINT_LOCAL,13
0x313,OP_313,3
0x314,OP_314,3
0x315,OP_315,3
0x316,OP_316,3
0x317,BATTLE,12
0x318,ENTER_FIELD,60
0x319,OP_319,11
0x31C,OP_31C,12
0x31D,OP_31D,35
0x31F,OP_31F,13
0x320,OP_320,5
0x321,OP_321,9
0x324,OP_324,47
0x325,OP_325,44
0x326,OP_326,3
0x327,OP_327,3
0x328,OP_328,10
0x329,OP_329,13
0x32A,OP_32A,4
0x32B,OP_32B,32
0x32C,OP_32C,39
0x32D,OP_32D,102
0x32E,OP_32E,28
0x32F,OP_32F,6
0x330,SET_ENTITY,18
0x331,EXIT_VEHICLE,3
0x332,OP_332,3
0x333,OP_333,12
0x334,OP_334,15
0x336,OP_336,7
0x339,OP_339,2
0x33A,OP_33A,4
0x33B,OP_33B,8
0x33D,SET_FIELD_ENTRY_ID,3
0x33E,OP_33E,4
0x347,OP_347,1
0x348,OP_348,6
0x349,SET_PROGRESS,7
0x34A,OP_34A,16
0x34B,SET_CHOCOBO,5
0x34C,SET_SUBMARINE,2
0x34D,SHOW_LAYER,6
0x34E,HIDE_LAYER,5
0x34F,OP_34F,11
0x350,OP_350,1
0x351,OP_351,5
0x352,OP_352,4
0x353,OP_353,1
0x354,SET_VEHICLE_USABLE,1
